{
    "H_C_1": 1.0949091501088304,
    "C_N_1": 1.4828799315339998,
    "H_N_1": 1.0254124540879637,
    "N_S_1": 1.69748496358929,
    "O_S_2": 1.4720583515692045,
    "C_S_1": 1.8344105334817777,
    "C_F_1": 1.3477460636314615,
    "C_C_1": 1.5281964471690395,
    "C_O_2": 1.2154373166760464,
    "C_O_1": 1.3909285020886264,
    "H_O_1": 0.9752891990445287,
    "C_C_3": 1.208129841384444,
    "C_Se_1": 2.0033475902874187,
    "O_Se_2": 1.656353370373395,
    "O_Se_1": 1.8774940587384812,
    "O_P_2": 1.4795667641673595,
    "O_P_1": 1.6212303094786815,
    "N_O_2": 1.223783196981562,
    "N_O_1": 1.285860551687795,
    "O_S_1": 1.6745917590983797,
    "C_P_1": 1.8238812776617699,
    "C_As_1": 1.943557812332032,
    "O_As_2": 1.6252649896007114,
    "O_As_1": 1.7770742234883659,
    "N_N_1": 1.4304889539108632,
    "C_N_2": 1.2986918028369423,
    "C_Cl_1": 1.7955989831589008,
    "C_Br_1": 2.038778376410271,
    "C_I_1": 2.1982860263085517,
    "C_C_2": 1.3394979620553054,
    "C_N_3": 1.1595139752127934,
    "H_S_1": 1.3503398553482098,
    "O_O_1": 1.4507816559346418,
    "N_P_1": 1.7005320442714393,
    "C_S_2": 1.7091363646477071
}